{
  "metrics": {
    "accuracy": 0.890307119072082,
    "precision": 0.8562785718519965,
    "recall": 0.5765994017065921,
    "f1_score": 0.6891441160168665,
    "roc_auc": 0.7798601143596757,
    "false_positive_rate": 0.025861879642115157
  },
  "threshold": 5.803615570068359,
  "latent_dim": 32
}