{
  "train_loss": [
    0.7252554164739662,
    0.8373744038073464,
    0.5929332155611072,
    0.6076172692630127,
    0.6317794446575126,
    0.6149026830384446,
    0.6364200316160993,
    0.636582479980459,
    0.6531001380988356,
    0.6707179183875028,
    0.6945348624661375,
    0.7001589981047555,
    0.7078790414424343,
    0.730856802323999,
    0.7393052794854453,
    0.739221258017853,
    0.7412118925393083,
    0.7425430441327374,
    0.7478278682735433,
    0.760592571348331,
    0.7879328823271599,
    0.7660789524629219,
    0.7640572865197374,
    0.7726601893058563,
    0.7616335105046668,
    0.7722686410860251,
    0.7761499297831198,
    0.7756490246333542,
    0.7800822106329842,
    0.7821221479022776,
    0.7807540632689576,
    0.7828609596075295,
    0.7954774183474728,
    0.7786394318248177,
    0.7865560204928158,
    0.7769628060986371,
    0.7785599117970649,
    0.780176850372295,
    0.7880604368736422,
    0.7793893489522181,
    0.7756033603471654,
    0.7773967658290426
  ],
  "val_loss": [
    0.40062524513764813,
    0.4125257164540917,
    0.4259316445601107,
    0.4684926084797792,
    0.492311729024155,
    0.5230758780180805,
    0.5429951596741724,
    0.5668995958386045,
    0.5997923784183733,
    0.6030168990896205,
    0.6180500026905176,
    0.6383031094917143,
    0.6602495511372884,
    0.6667082670963171,
    0.682508313294613,
    0.7094006261440239,
    0.6972084804014727,
    0.7038223924058856,
    0.7130155665705903,
    0.7046020253740176,
    0.7036522223491861,
    0.7177863361859562,
    0.7216617513184596,
    0.7214248776435852,
    0.7413124291583745,
    0.7582813429109978,
    0.7415532048302468,
    0.738384333523837,
    0.7429063079333065,
    0.7467452462273415,
    0.7432716832016454,
    0.7393442560928036,
    0.7529918888602594,
    0.7528592516677548,
    0.7434546616342332,
    0.7456825020337345,
    0.7451143288853193,
    0.7515576824997411,
    0.7622644895254963,
    0.7608595267690793,
    0.7504212266266949,
    0.7474089108332239
  ],
  "train_recon": [
    0.6399076542326512,
    0.46397065100172397,
    0.39526746423948206,
    0.3709303323397503,
    0.416621600095249,
    0.4049630758871559,
    0.43491155591629843,
    0.4382909111697558,
    0.45674559845572515,
    0.47271368089523025,
    0.4946122071670212,
    0.49986973374551186,
    0.5071029305154737,
    0.5331095419918914,
    0.5509892762768966,
    0.5665947096493408,
    0.5936713666861294,
    0.6008637947890595,
    0.6097311142443397,
    0.6211612009213474,
    0.621266445889121,
    0.626376970578696,
    0.6206507696450212,
    0.6330802706058395,
    0.6288043826287636,
    0.6439652458098705,
    0.6581265959727551,
    0.6549151423019914,
    0.6583118393220975,
    0.6604513970343514,
    0.6609410663294125,
    0.6561042740751466,
    0.6803110028041228,
    0.6610271052549813,
    0.6680467001354421,
    0.6613276053324304,
    0.6587471585844006,
    0.6626916216833294,
    0.6731393959079384,
    0.6641526122129601,
    0.6691633006391938,
    0.6701255255679744
  ],
  "val_recon": [
    0.28741573113383667,
    0.2584065009247173,
    0.24160058329803774,
    0.27675814279402144,
    0.29654105684973975,
    0.3355240081295823,
    0.3501831293106079,
    0.38029079515524583,
    0.40543142563164836,
    0.41316204540657275,
    0.4269975890414883,
    0.44398290159726383,
    0.46509614165383156,
    0.48064028193252256,
    0.5056531059019493,
    0.5567514559235236,
    0.5582730146971616,
    0.5772786062173169,
    0.584692877651465,
    0.57171348640413,
    0.5774452716413171,
    0.576382129180311,
    0.5830046799447801,
    0.5963442129920228,
    0.6125187593879122,
    0.6586132434883503,
    0.631875095945416,
    0.6224428872869472,
    0.6254908237794433,
    0.6374243672447976,
    0.624999154697765,
    0.6272345793367636,
    0.6356193947069573,
    0.6438157823350694,
    0.6270308717332705,
    0.6322368937309342,
    0.6324251071371213,
    0.6521546154311209,
    0.6586696559732611,
    0.6518958728722851,
    0.6453726237470453,
    0.6462662304290617
  ],
  "train_kl": [
    2.5604328140806,
    5.601056017948471,
    1.9766574840205924,
    1.7751519670923248,
    1.2909470399220784,
    1.0496980203623687,
    0.8636077487741718,
    0.7435933425832948,
    0.6545151089135623,
    0.5940126936702631,
    0.5452435958476467,
    0.5007231501677564,
    0.46332948444453814,
    0.4237441288605901,
    0.3766320092987468,
    0.32367476255990774,
    0.2603656359528767,
    0.2361320719577884,
    0.21804750871870657,
    0.20914705402902672,
    0.23809491331113203,
    0.19050269833654546,
    0.1870519842279473,
    0.1744748945644187,
    0.15939495826268013,
    0.14804237905614856,
    0.13113704155040454,
    0.12935773133473238,
    0.12596935363671252,
    0.121670749995848,
    0.11981299583048917,
    0.1267566843522338,
    0.1151664162448041,
    0.1176123265224407,
    0.11850932156122064,
    0.11563520117380843,
    0.11981275486202944,
    0.11748522777897104,
    0.11492104070976794,
    0.11523673750706605,
    0.10644006163223099,
    0.10727124099095965
  ],
  "val_kl": [
    3.3962852665872285,
    2.311788108613756,
    1.8433105969669843,
    1.438008411966189,
    1.1746239999327996,
    0.9377593217474042,
    0.8263372628375737,
    0.6997829603426384,
    0.6478698187404208,
    0.5695645490078011,
    0.521052024280182,
    0.4858005140164886,
    0.4503540185966877,
    0.3987171099041448,
    0.35371042231116634,
    0.2862171854334648,
    0.24518023167896752,
    0.21090630494584942,
    0.20261477340351453,
    0.1993328013805428,
    0.1802956449112507,
    0.19282391464168375,
    0.1808570521046417,
    0.1563508262613205,
    0.15455240793902464,
    0.11500165054593424,
    0.12186456712508442,
    0.12422297654127834,
    0.12146429732592419,
    0.10932087657427547,
    0.118272526697679,
    0.1121096805189595,
    0.11737249103007895,
    0.10904346963371893,
    0.11642378768084025,
    0.11344560894249665,
    0.11268922171056872,
    0.09940306868667555,
    0.1035948320846967,
    0.10896364915551561,
    0.1050486026162451,
    0.10114268348975615
  ],
  "beta": [
    0.03333333333333333,
    0.06666666666666667,
    0.1,
    0.13333333333333333,
    0.16666666666666666,
    0.2,
    0.23333333333333334,
    0.26666666666666666,
    0.3,
    0.3333333333333333,
    0.36666666666666664,
    0.4,
    0.43333333333333335,
    0.4666666666666667,
    0.5,
    0.5333333333333333,
    0.5666666666666667,
    0.6,
    0.6333333333333333,
    0.6666666666666666,
    0.7,
    0.7333333333333333,
    0.7666666666666667,
    0.8,
    0.8333333333333334,
    0.8666666666666667,
    0.9,
    0.9333333333333333,
    0.9666666666666667,
    1.0,
    1.0,
    1.0,
    1.0,
    1.0,
    1.0,
    1.0,
    1.0,
    1.0,
    1.0,
    1.0,
    1.0,
    1.0
  ],
  "phase": [
    "WARMUP",
    "WARMUP",
    "WARMUP",
    "WARMUP",
    "WARMUP",
    "WARMUP",
    "WARMUP",
    "WARMUP",
    "WARMUP",
    "WARMUP",
    "WARMUP",
    "WARMUP",
    "WARMUP",
    "WARMUP",
    "WARMUP",
    "WARMUP",
    "WARMUP",
    "WARMUP",
    "WARMUP",
    "WARMUP",
    "WARMUP",
    "WARMUP",
    "WARMUP",
    "WARMUP",
    "WARMUP",
    "WARMUP",
    "WARMUP",
    "WARMUP",
    "WARMUP",
    "WARMUP_END",
    "POST_WARMUP_START",
    "POST_WARMUP",
    "POST_WARMUP",
    "POST_WARMUP",
    "POST_WARMUP",
    "POST_WARMUP",
    "POST_WARMUP",
    "POST_WARMUP",
    "POST_WARMUP",
    "POST_WARMUP",
    "POST_WARMUP",
    "POST_WARMUP"
  ]
}