Percentile,Threshold
90,1.334187
95,2.871651
99,6.031263
