{
  "metrics": {
    "accuracy": 0.8811660869242292,
    "precision": 0.8455144314413597,
    "recall": 0.5340496574136255,
    "f1_score": 0.6546222768444351,
    "roc_auc": 0.8687004637230495,
    "false_positive_rate": 0.026075220070063507
  },
  "threshold": 1.8236619234085083,
  "latent_dim": 16
}