criterion,best_epoch,final_epoch
epoch,58,68
train_loss,0.7722503483750438,0.7655195869865612
val_loss,0.7408559779928188,0.7463376841159782
generalization_gap,-0.031394370382225034,-0.019181902870582968
checkpoint_used,True,False
