{
  "train_loss": [
    1196.3209113820667,
    0.6022726954091293,
    189.28061078879367,
    0.5508593605978191,
    0.5713063683976958,
    0.5914456107234227,
    0.6141597776467563,
    0.6321994942866512,
    0.6490705386372922,
    0.6839609696664883,
    0.6808153999064108,
    0.6935509541865826,
    0.7099522889115428,
    0.7160045545519763,
    0.735085580488501,
    0.7391530918407683,
    0.7477111274959477,
    0.7487906716555432,
    0.7569885003657741,
    0.7594438110295749,
    0.7640458195264103,
    0.7678860964362555,
    0.7673967532225844,
    0.7867918845654748,
    0.7736860151205961,
    0.7872783324797341,
    0.7878615822804187,
    0.7976008356375852,
    0.8046054996303627,
    0.7984210847291631,
    0.7983075293875833,
    0.8020919834384481,
    0.8013862150012688,
    0.7968670686389351,
    0.7972570524264231,
    0.839245081554539,
    0.8084123374244943,
    0.7991619492305144,
    0.8084508453616659,
    0.793716990462393,
    0.7896153672050884,
    0.7889018331775228,
    0.7993382350482406,
    0.7971063012081855,
    0.7977951789326947,
    0.7871812651782242,
    0.7925340029726198,
    0.7846366358167343,
    0.7846268950831192,
    0.7896995661216231,
    0.785858952817116,
    0.7916709709410146,
    0.7778419838606856,
    0.7765520670031774,
    0.769741267648362,
    0.7714052329233281,
    0.7907795601218711,
    0.7722503483750438,
    0.7750178651348628,
    0.7706979255336538,
    0.7687346001011118,
    0.7744398707045247,
    0.7802464077794218,
    0.7781422106364301,
    0.7663154083353872,
    0.7786211981118181,
    0.7726722130641985,
    0.7655195869865612
  ],
  "train_recon": [
    15.641375584911755,
    0.3768157276109278,
    13.150862456543452,
    0.34058270813854596,
    0.35892302601695364,
    0.3823295723997606,
    0.40635890981926565,
    0.4301930902568439,
    0.4485484554264078,
    0.4789402243745236,
    0.4784249451020898,
    0.487560541954356,
    0.5062799178461992,
    0.5148246119192235,
    0.5458014376897545,
    0.556081523042902,
    0.5768290130236676,
    0.6084731383481402,
    0.6199182987819798,
    0.6234027885905356,
    0.6278915758654665,
    0.6364781710937732,
    0.6293951497429806,
    0.6434513203060354,
    0.6293401114509912,
    0.6642255426666512,
    0.6677933523369806,
    0.676199294986919,
    0.6810189057852476,
    0.6738458815725098,
    0.6705809158223276,
    0.6848944778964113,
    0.6857406908015865,
    0.6835338538536285,
    0.6850845734885024,
    0.7272837450182772,
    0.6973984970997915,
    0.6919481065740416,
    0.700206943899014,
    0.6889544936233502,
    0.6833417236653296,
    0.6829161099501845,
    0.6955434774017819,
    0.6874279945557961,
    0.6921687073076651,
    0.6772617812981739,
    0.685481549067655,
    0.6728603789824565,
    0.6742553751887256,
    0.6851240266067078,
    0.68434321865174,
    0.6857175990825392,
    0.6701334560190448,
    0.6685418958275676,
    0.6642535322798421,
    0.6735137638851583,
    0.6810993904072516,
    0.662122774821808,
    0.6723070987914962,
    0.6736825574142029,
    0.6652577041669656,
    0.6767817326174438,
    0.6794463327822794,
    0.6739793955218094,
    0.6619334299752427,
    0.6717670118535748,
    0.6738393306732178,
    0.6671539960623394
  ],
  "train_kl": [
    35420.384202682115,
    3.381854316053803,
    1761.2975355065203,
    1.5770748262186998,
    1.2743000285012729,
    1.0455801787267205,
    0.8905751538337339,
    0.7575239775745013,
    0.668406915877005,
    0.6150622175243368,
    0.551973958431006,
    0.5149760176510605,
    0.4700131586186455,
    0.43109987672352,
    0.3785682861283232,
    0.3432591754289074,
    0.30155667598162594,
    0.23386254747405308,
    0.21642663672983495,
    0.20406152890004578,
    0.19450606377297686,
    0.17919262168744138,
    0.18000209496448968,
    0.1791757022909839,
    0.17321508648893003,
    0.14198398722795433,
    0.13340914898739212,
    0.13007307852649203,
    0.127848205106859,
    0.12457520370644164,
    0.127726613508381,
    0.11719750617713721,
    0.11564552514759335,
    0.1133332132970862,
    0.11217247936448069,
    0.11196133488215715,
    0.11101383851419272,
    0.10721384316360526,
    0.10824390096025915,
    0.10476249497165814,
    0.10627364367246628,
    0.10598572308515168,
    0.10379475669854774,
    0.10967830827331725,
    0.10562647050175503,
    0.10991948294161841,
    0.10705245561594423,
    0.11177625721344207,
    0.11037151969533233,
    0.10457553975663264,
    0.10151573506589154,
    0.1059533735552362,
    0.10770852697430221,
    0.10801017142206658,
    0.10548773537799906,
    0.09789146796703035,
    0.10968017163887886,
    0.1101275741835966,
    0.10271076685523865,
    0.09701536690612482,
    0.10347689566873108,
    0.09765813924353238,
    0.100800074319386,
    0.10416281274484314,
    0.10438197920378535,
    0.10685418633407612,
    0.09883288262795856,
    0.0983655904123498
  ],
  "val_loss": [
    0.37864385996804095,
    0.39342738402010213,
    0.40773885328360276,
    0.44245389555439807,
    0.48341209388742545,
    0.5232102991354586,
    0.5284372077445791,
    0.5516798240367813,
    0.5725113812721137,
    0.5960103447991189,
    0.6125334669845273,
    0.6342958928358675,
    0.6421507837796452,
    0.6650063672451058,
    0.6812662879625956,
    0.6880426858410691,
    0.6974369456069638,
    0.7224665747748481,
    0.7263293814177465,
    0.7245902388986915,
    0.7361018037555194,
    0.7387735091074549,
    0.7383815525758146,
    0.7351651167628741,
    0.7400310099726976,
    0.7686830704862421,
    0.7610853434813143,
    0.7636225638967572,
    0.7712621815276869,
    0.7757413182595764,
    0.7769017604866413,
    0.7727681904128103,
    0.7771503479793819,
    0.7694586641860731,
    0.7729843204671686,
    0.7739725540382694,
    0.7877234660013758,
    0.785436648311037,
    0.7754647087569189,
    0.7731799531464625,
    0.7755460715053057,
    0.7690924707085195,
    0.7680676519268691,
    0.7711212743412365,
    0.7663242648346256,
    0.7720561376725784,
    0.765027262345709,
    0.766863424368579,
    0.7711591883139177,
    0.7656852410297201,
    0.7627289295196533,
    0.7603338631716642,
    0.75914283111842,
    0.7524590413979809,
    0.7492954369747278,
    0.7583686239791639,
    0.7494073088723,
    0.7408559779928188,
    0.7519794660385208,
    0.7461776372158166,
    0.7453170027395691,
    0.7674056116980735,
    0.7498283253775703,
    0.7473316337123062,
    0.7562071373968413,
    0.7427380608789849,
    0.7530507607893511,
    0.7463376841159782
  ],