{
  "train_loss": [
    1242.6215652203134,
    0.6400473751791258,
    1.3392121522632872,
    0.5542959096170867,
    0.5743238306379197,
    0.5925147716173992,
    0.6134610778199504,
    0.6607383803556893,
    0.6598113473438428,
    0.6658756588858199,
    0.690215379682206,
    0.6948642208982667,
    0.7095336296782846,
    0.714390641557048,
    0.7255928137223533,
    0.73263016638865,
    0.764533619540945,
    0.7608527548743872,
    0.7636705680961221,
    0.7586143130564508,
    0.758303687166015,
    0.7652260938673529,
    0.7707601808409654,
    0.7859909102206922,
    0.7765692116043343,
    0.7862288554509481,
    0.7860813200018788,
    0.7950636611033335,
    0.7903588229159969,
    0.7960196930640223,
    0.7926868461167236,
    0.8678220463466402,
    0.7934546622307853,
    0.7926471334983981,
    0.7988208098569293,
    0.821077122943092,
    0.7924167856611974,
    0.7927079414593354,
    0.7985082707028959,
    0.7891014752193868,
    0.7955015127288779,
    0.7900708355673094,
    0.7870659081990482,
    0.8010798588053871
  ],
  "train_recon": [
    16.242496809772863,
    0.40545184527341344,
    0.3484161903764152,
    0.33938812011374164,
    0.36232997283680746,
    0.3821284259851956,
    0.40428776534762395,
    0.45418101397482796,
    0.453649314001923,
    0.46072982202352764,
    0.4865247695955611,
    0.48999181495974686,
    0.5078738824708467,
    0.5153379799755475,
    0.5367388173217386,
    0.5506206063823845,
    0.6005188854596087,
    0.6172009562414718,
    0.6250577518958171,
    0.620556928729283,
    0.6197857335020265,
    0.6257845921674151,
    0.6302859185609502,
    0.6432432256278797,
    0.6309581865336149,
    0.640719193993634,
    0.651892506590933,
    0.667625946246334,
    0.6558481159101006,
    0.6678424967457623,
    0.6725617290756478,
    0.7469935734156737,
    0.6748525016483763,
    0.6715298436070216,
    0.6807066682944164,
    0.7042878480964642,
    0.6775176191451289,
    0.6746827295718302,
    0.6857140907501144,
    0.6768880400038858,
    0.6799911172638716,
    0.672621576840641,
    0.6727969306722549,
    0.6887662289403473
  ],
  "train_kl": [
    36791.36980835385,
    3.518932805413205,
    9.907959196403736,
    1.611808347034697,
    1.2719631070702433,
    1.0519317063969813,
    0.8964570430095565,
    0.7745900783526685,
    0.6872067472710257,
    0.6154374970127912,
    0.555519831772069,
    0.5121810023717904,
    0.4653686441234657,
    0.4265414140454989,
    0.37770799257373083,
    0.34126790944704877,
    0.2894377653835384,
    0.23941965063716317,
    0.21886234313401254,
    0.2070860686989231,
    0.19788279391957905,
    0.19014749770780254,
    0.18322730189516345,
    0.17843460157020705,
    0.1747332330764705,
    0.1678957608327004,
    0.14909868483590413,
    0.13654040577454118,
    0.13914901162225174,
    0.12817719815720735,
    0.1201251148798387,
    0.12082846992608852,
    0.11860215949231129,
    0.12111728998616755,
    0.1181141413634515,
    0.11678927251476671,
    0.11489916810855914,
    0.11802521226666962,
    0.11279417958309632,
    0.11221343495956511,
    0.11551039605271118,
    0.11744925736167655,
    0.11426897866428656,
    0.11231363141013466
  ],
  "val_loss": [
    0.3768734396106065,
    0.39295654796590707,
    0.4057472628174406,
    0.4433645816764446,
    0.4769503414028823,
    0.5247578690148363,
    0.530836463877649,
    0.5501195478318918,
    0.5755779806411627,
    0.6008174907077443,
    0.6158526756546714,
    0.6355485723476217,
    0.6409295315694328,
    0.6604269947668518,
    0.674857476744989,
    0.6854006816642453,
    0.6954531338479784,
    0.7159932147372853,
    0.723377708232764,
    0.7295211120085283,
    0.7307271529929806,
    0.734287162621816,
    0.7367262978746434,
    0.7356815759581748,
    0.7397927744220002,
    0.7557961206243495,
    0.7568477350051956,
    0.758484828351724,
    0.767431803423949,
    0.7727807802383346,
    0.7761640711264177,
    0.7726192582737316,
    0.771952399099716,
    0.7642859395104226,
    0.7734890375474487,
    0.7657285555444583,
    0.7863445480664571,
    0.7667606117749455,
    0.7676037929274819,
    0.7708896530999078,
    0.7679664504648459,
    0.7665953551880037,
    0.7680908844928549,
    0.773651325341427
  ],
  "val_recon": [
    0.2612803965204894,
    0.23274744384818608,
    0.21293453977565574,
    0.24881833716474397,
    0.276342606153151,
    0.3152174808160223,
    0.3392938197863222,
    0.3552612496746911,
    0.37783308342249705,
    0.4024451492410718,
    0.4266828036669529,
    0.44230646316451255,
    0.44882493729543205,
    0.47384531630410087,
    0.49338302257085087,
    0.5242987419619705,
    0.5298410340993092,
    0.5867120262348291,
    0.5928257610460724,
    0.6192220732419178,
    0.6023234788215521,
    0.608131060395578,
    0.6067316727806823,
    0.6057333789690577,
    0.6058697863058611,
    0.6217433452004134,
    0.6416006491641806,
    0.6381696799788812,
    0.6447724970904264,
    0.6589887401070258,
    0.6607845317233693,
    0.66798885542937,
    0.6708325340290262,
    0.6476189385760914,
    0.6798301850906526,
    0.6524283741459702,
    0.7034267096808462,
    0.6534754098063768,
    0.65341688165761,
    0.6674414403510817,
    0.6626973254512055,
    0.6611423221501437,
    0.6648162230096683,
    0.6638495392269559
  ],
  "val_kl": [
    3.4677911599477134,
    2.4031364195274585,
    1.928127185262815,
    1.4590967532360193,
    1.2036463786857297,
    1.047701925942392,
    0.8208970403430438,
    0.7307185861799452,
    0.6591496323094224,
    0.5951170069400711,
    0.5159178129350296,
    0.4831052675391688,
    0.4433182914449711,
    0.3998178719270109,
    0.36294890895034326,
    0.3020661205354363,
    0.2922566578243718,
    0.21546863621533519,
    0.20613465420525484,
    0.16544855702103992,
    0.18343382388955415,
    0.17203104563734747,
    0.16955821201054735,
    0.16243524194666834,
    0.1607075904806455,
    0.15467628332400563,
    0.1280523200303015,
    0.12890908859594905,
    0.1268889456611089,
    0.11379204291586924,
    0.11537953880098131,
    0.10463040361576008,
    0.10111986623719485,
    0.11666699811214148,
    0.09365885046244872,
    0.11330018019435381,
    0.08291783733199341,
    0.11328520369951171,
    0.11418691149564704,
    0.10344821376481442,
    0.1052691275724257,
    0.10545303390333147,
    0.10327466133266988,
    0.10980178920006511
  ],
  "beta": [
    0.03333333333333333,
    0.06666666666666667,
    0.1,
    0.13333333333333333,
    0.16666666666666666,
    0.2,
    0.23333333333333334,
    0.26666666666666666,
    0.3,
    0.3333333333333333,
    0.36666666666666664,
    0.4,
    0.43333333333333335,
    0.4666666666666667,
    0.5,
    0.5333333333333333,
    0.5666666666666667,
    0.6,
    0.6333333333333333,
    0.6666666666666666,
    0.7,
    0.7333333333333333,
    0.7666666666666667,
    0.8,
    0.8333333333333334,
    0.8666666666666667,
    0.9,
    0.9333333333333333,
    0.9666666666666667,
    1.0,
    1.0,
    1.0,
    1.0,
    1.0,
    1.0,
    1.0,
    1.0,
    1.0,
    1.0,
    1.0,
    1.0,
    1.0,
    1.0,
    1.0
  ]
}