{
  "metrics": {
    "accuracy": 0.8901615438891846,
    "precision": 0.8577394414348077,
    "recall": 0.5743968930069174,
    "f1_score": 0.6880390620934841,
    "f2_score": 0.6150302684105804,
    "roc_auc": 0.7834830507344126,
    "pr_auc": 0.651333535606854,
    "false_positive_rate": 0.02545778777270711,
    "false_negative_rate": 0.4256031069930825,
    "true_positive_rate": 0.5743968930069174,
    "anomaly_rate": 0.1412153547157199,
    "n_samples": 2019575,
    "n_predicted_anomaly": 285195,
    "n_predicted_normal": 1734380,
    "n_true_anomaly": 425878,
    "n_true_normal": 1593697
  },
  "threshold": 5.813508987426758,
  "percentile": 99.0,
  "score_mode": "recon",
  "alpha": 0.05,
  "selection_method": "fixed_percentile",
  "max_fpr": 0.07,
  "score_stats": {
    "score_mode": "recon",
    "alpha": 0.05,
    "recon_normalization": {
      "mean": 0.648017168045044,
      "std": 6.468021869659424
    },
    "kl_normalization": {
      "mean": 0.11666493117809296,
      "std": 1.0716776847839355
    },
    "validation_score_stats": {
      "min": 0.013400455005466938,
      "max": 1353.32177734375,
      "mean": 0.648017168045044,
      "median": 0.262051522731781,
      "std": 6.468021869659424,
      "p90": 1.328623652458191,
      "p95": 2.811936378479004,
      "p97_5": 3.926048994064331,
      "p99": 5.813508987426758
    }
  },
  "created_at": "2026-07-01T08:40:26.035649+00:00"
}