{
  "threshold": 5.813508987426758,
  "percentile": 99.0,
  "selection_method": "fixed_percentile",
  "max_fpr": 0.07,
  "score_mode": "recon",
  "alpha": 0.05,
  "validation_error_stats": {
    "min": 0.013400455005466938,
    "max": 1353.32177734375,
    "mean": 0.648017168045044,
    "median": 0.262051522731781,
    "std": 6.468021869659424,
    "p90": 1.328623652458191,
    "p95": 2.811936378479004,
    "p97_5": 3.926048994064331,
    "p99": 5.813508987426758
  },
  "model_checkpoint": "D:\\NIDS-VAE-PROJECT\\artifacts\\models\\vae_best.pth",
  "run_id": "883b3a4f-f611-48ff-9e30-0732742adde3",
  "created_at": "2026-07-01T08:40:26.035649+00:00"
}