{
  "metrics": {
    "accuracy": 0.8912538529145984,
    "precision": 0.8640167733236384,
    "recall": 0.574770239364325,
    "f1_score": 0.6903191691871655,
    "roc_auc": 0.7846929308373858,
    "false_positive_rate": 0.024173352902088666
  },
  "threshold": 5.973361968994141,
  "latent_dim": 8
}