{
  "train_loss": [
    0.6355167682692598,
    6166.100271912628,
    0.551600103918226,
    0.558930252799551,
    0.5824432819702546,
    0.6035231351852417,
    0.62048833045644,
    0.6441006264613784,
    0.6522965619278924,
    0.6728416481090866,
    0.6887714482142422,
    0.6916003817213704,
    0.706761229735901,
    0.7377416755406911,
    0.7374500036239624,
    0.7513385322561095,
    0.7428151708826157,
    0.7443716557881305,
    0.7679348013176566,
    0.7466422545394218,
    0.7509445111260159,
    0.7495712217787143,
    0.7948062785405846,
    0.7641486637768248,
    0.795605062528421,
    0.7707343925046557,
    0.7736759342006752,
    0.7910333897624611,
    0.7863654943216242,
    0.7923364422400185,
    0.784050861691094,
    0.7811486408607347,
    0.7819328666036669,
    0.7772215048168755,
    0.7801605200646184,
    0.7829188455758811,
    0.7804375965783311,
    0.7756618187021056,
    0.7801197973523127,
    0.7743976454395071,
    0.7835243500522682,
    0.7773005505857881,
    0.7911733061302709,
    0.7745117951592113,
    0.7728920166425729,
    0.7769494742230908,
    0.7937184372021042,
    0.7817629768344889
  ],
  "val_loss": [
    0.3797250021286685,
    0.4016034747615005,
    0.43316694191007904,
    0.4418562415874366,
    0.4723460183601187,
    0.5086430241965284,
    0.5506021898202221,
    0.5763072783898826,
    0.5875461851105546,
    0.6069371742431564,
    0.6164296100838016,
    0.6256077307643313,
    0.6517047508798465,
    0.6535547219141565,
    0.6675695457843819,
    0.6743471791045834,
    0.6836708001416139,
    0.7002546739096593,
    0.7148387173209527,
    0.7028392408833359,
    0.7049574141550545,
    0.7209156131503558,
    0.7100056295443062,
    0.7174566773453144,
    0.7301945945229193,
    0.7287026107913316,
    0.7232820463903022,
    0.7275555362605085,
    0.7516665163666311,
    0.7524305359281674,
    0.7539538476202223,
    0.7579244290939485,
    0.751386700254498,
    0.7463482744766005,
    0.756920697111072,
    0.7458424538072913,
    0.7433077121021772,
    0.739679252860522,
    0.7449564885611486,
    0.7521476950308289,
    0.7557388869198886,
    0.7404373017224398,
    0.7557971140350959,
    0.7422006166342533,
    0.7437598584878324,
    0.7492381069395277,
    0.7452544184646221,
    0.7422322390055416
  ],
  "train_recon": [
    0.5344080314533097,
    110.18709798585671,
    0.33413189888455486,
    0.3354105900489647,
    0.3638145768157095,
    0.39387949171260417,
    0.4201002326478788,
    0.44799861607660774,
    0.4553796915152601,
    0.47342203447533626,
    0.48677479940213014,
    0.49034548033284775,
    0.5085614537464753,
    0.5410173524730382,
    0.5545647527273678,
    0.5717074196150588,
    0.5729906098684888,
    0.6052892685846518,
    0.6281688732045297,
    0.6072181457933276,
    0.6144040788099663,
    0.6111201539294411,
    0.6502695631889897,
    0.6203454851194192,
    0.6485639381348025,
    0.6221308156127542,
    0.6248853453849715,
    0.639266448924863,
    0.6471775105891336,
    0.6605970871660849,
    0.6604936285176654,
    0.6564744703338953,
    0.6643536770313447,
    0.6582069443989043,
    0.6607052880995753,
    0.6584143775110026,
    0.6643195824162044,
    0.6682805241519258,
    0.668855007823187,
    0.6625125541638479,
    0.6720741882579018,
    0.6671830361126033,
    0.6805622497284382,
    0.6663788886167318,
    0.6623324738204024,
    0.6660843232205806,
    0.6816159929634658,
    0.6757497421961097
  ],
  "val_recon": [
    0.26657976774555264,
    0.2319526162111398,
    0.22682998863735584,
    0.2302240619454721,
    0.26866633256878514,
    0.3114849530687236,
    0.36969716982408,
    0.37731365724043414,
    0.3981463018089834,
    0.41298563311798403,
    0.4204947885238763,
    0.43299855788548786,
    0.4491742963742728,
    0.4645070861084293,
    0.5018998878170745,
    0.5112490587764316,
    0.5473908303361951,
    0.5751770551156516,
    0.5685071078213778,
    0.5697256055745211,
    0.5750074395627687,
    0.5914566420545482,
    0.5758072715817075,
    0.5890608270360966,
    0.5884387914580528,
    0.578624594091165,
    0.5818827516502805,
    0.5928074302095355,
    0.6362683905495538,
    0.639200640447212,
    0.631331230654861,
    0.6494873786213422,
    0.6345603417868566,
    0.6303441867683873,
    0.6431116202864984,
    0.627990970707903,
    0.6328736646006806,
    0.6319616918612008,
    0.6446903414196439,
    0.6453784475422869,
    0.650275220774641,
    0.6268096710696365,
    0.6403116680154897,
    0.631488050475265,
    0.6400857194505557,
    0.6528617245982392,
    0.6610031555397342,
    0.6418000959386729
  ],
  "train_kl": [
    3.0332619432957117,
    90838.6978671757,
    2.174682037217623,
    1.676397382151383,
    1.3117721969541398,
    1.0482182059882554,
    0.858806137516905,
    0.7353825000406221,
    0.6563895462275158,
    0.5982588189097154,
    0.5508999364218335,
    0.503137243006369,
    0.457384098197971,
    0.42155211762010897,
    0.36577050368901126,
    0.3368083171489585,
    0.29969040495900406,
    0.23180397074792827,
    0.22068305014047307,
    0.2091361554031457,
    0.1950577647631405,
    0.18879690737897203,
    0.18852615153592356,
    0.17975397201363974,
    0.1764493527379048,
    0.1714656614430685,
    0.16532288165644532,
    0.1626074347957855,
    0.14398757468804754,
    0.13173935566163852,
    0.1235572338180081,
    0.12467417223307922,
    0.11757918906992931,
    0.11901456062651165,
    0.11945522965214028,
    0.1245044683113353,
    0.11611801341327699,
    0.10738129484403225,
    0.11126478942959515,
    0.11188509003863535,
    0.11145016041041633,
    0.11011751565807346,
    0.11061105789953213,
    0.10813290591685827,
    0.11055954361841576,
    0.11086515143854928,
    0.11210244527186146,
    0.10601323621191142
  ],
  "val_kl": [
    3.394356872096206,
    2.5447627534770003,
    2.063369495700104,
    1.5872412691212663,
    1.2220780753126048,
    0.9857903351687421,
    0.7753072176316772,
    0.7462260367894413,
    0.6313329158407269,
    0.5818545995938658,
    0.5343676832589236,
    0.48152291774749756,
    0.46737796248811664,
    0.405102075350405,
    0.33133931698823216,
    0.305808956574912,
    0.24049406498670578,
    0.20846268986210678,
    0.23104991703623473,
    0.19967044686729257,
    0.185642818910907,
    0.17653496066729227,
    0.17504133999046653,
    0.16049481062877058,
    0.1701069681180848,
    0.17316694211478184,
    0.15711033201277858,
    0.1443729702420909,
    0.11937737107427433,
    0.11322989461548401,
    0.1226226171535073,
    0.10843705374634627,
    0.116826357790316,
    0.1160040892510101,
    0.1138090809261558,
    0.11785148084163666,
    0.11043404757675498,
    0.10771755983281617,
    0.1002661513936038,
    0.1067692506870236,
    0.10546366919321243,
    0.1136276296368151,
    0.11548544485310111,
    0.11071256529351678,
    0.10367413817180528,
    0.0963763820214404,
    0.08425126439242651,
    0.1004321440828569
  ],
  "beta": [
    0.03333333333333333,
    0.06666666666666667,
    0.1,
    0.13333333333333333,
    0.16666666666666666,
    0.2,
    0.23333333333333334,
    0.26666666666666666,
    0.3,
    0.3333333333333333,
    0.36666666666666664,
    0.4,
    0.43333333333333335,
    0.4666666666666667,
    0.5,
    0.5333333333333333,
    0.5666666666666667,
    0.6,
    0.6333333333333333,
    0.6666666666666666,
    0.7,
    0.7333333333333333,
    0.7666666666666667,
    0.8,
    0.8333333333333334,
    0.8666666666666667,
    0.9,
    0.9333333333333333,
    0.9666666666666667,
    1.0,
    1.0,
    1.0,
    1.0,
    1.0,
    1.0,
    1.0,
    1.0,
    1.0,
    1.0,
    1.0,
    1.0,
    1.0,
    1.0,
    1.0,
    1.0,
    1.0,
    1.0,
    1.0
  ],