{
  "metrics": {
    "accuracy": 0.8833437728234901,
    "precision": 0.8492515068975897,
    "recall": 0.5432259942988368,
    "f1_score": 0.6626110566926157,
    "roc_auc": 0.8792019659266379,
    "false_positive_rate": 0.02576775886507912
  },
  "threshold": 1.963361382484436,
  "latent_dim": 8
}