{
  "metrics": {
    "accuracy": 0.8813428567891759,
    "precision": 0.844641832750421,
    "recall": 0.5358764716655944,
    "f1_score": 0.6557300742881853,
    "roc_auc": 0.8691848217553702,
    "false_positive_rate": 0.026339385717611314
  },
  "threshold": 1.8515489101409912,
  "latent_dim": 32
}