Epoch,Train Loss (Tổng),Train Reconstruction Loss (MSE),Train KL Divergence Loss,Ghi chú
1,1196.320911,15.641376,35420.384203,Epoch 1
10,0.683961,0.478940,0.615062,Epoch 10
20,0.759444,0.623403,0.204062,Epoch 20
30,0.798421,0.673846,0.124575,Epoch 30
58,0.772250,0.662123,0.110128,Best Epoch
68,0.765520,0.667154,0.098366,Final Epoch
