{
  "metrics": {
    "accuracy": 0.8920183702016513,
    "precision": 0.865397803403564,
    "recall": 0.5778063201198466,
    "f1_score": 0.692947466091827,
    "roc_auc": 0.7835496556116806,
    "false_positive_rate": 0.02401585746851503
  },
  "threshold": 6.0312628746032715,
  "latent_dim": 16
}